Date,Customer_ID,Gender,Age,Region,Product,Quantity,Sales,Profit
2024-02-14,CUST0001,Male,33,South,Router,7.0,30233.0,5198.0
2024-04-12,CUST0002,Male,57,West,Camera,12.0,540828.0,88532.0
2024-03-18,CUST0003,Female,42,South,Webcam,12.0,54132.0,9235.0
2024-12-12,CUST0004,Female,23,Central,Microphone,11.0,57563.0,11627.0
2024-08-05,CUST0005,Female,53,North,Tablet,8.0,174360.0,25860.0
2024-11-06,CUST0006,Female,51,South,Mouse,6.0,21132.0,3468.0
2024-10-31,CUST0007,Male,65,West,Microphone,1.0,5964.0,688.0
2024-08-30,CUST0008,Male,19,South,Keyboard,9.0,33336.0,4037.0
2024-11-12,CUST0009,Male,27,East,Webcam,2.0,11672.0,1763.0
2024-11-23,CUST0010,Female,30,North,Laptop,7.0,383950.0,44652.0
2024-01-29,CUST0011,Male,40,West,Mouse,8.0,6040.0,999.0
2024-03-04,CUST0012,Male,56,West,Monitor,12.0,240456.0,44773.0
2024-04-16,CUST0013,Male,44,South,Printer,2.0,28176.0,3818.0
2024-07-04,CUST0014,Male,34,North,Graphics Card,6.0,237936.0,38045.0
2024-06-21,CUST0015,Male,55,North,Keyboard,11.0,14256.0,2283.0
2024-07-08,CUST0016,Female,42,West,Mouse,7.0,9338.0,1311.0
2024-08-15,CUST0017,Female,64,West,Graphics Card,2.0,74484.0,
2024-04-21,CUST0018,Female,24,East,Projector,5.0,209980.0,37485.0
2024-05-11,CUST0019,Male,46,West,Projector,7.0,277991.0,42414.0
2024-03-06,CUST0020,Female,48,Central,Tablet,9.0,195300.0,40791.0
2024-12-13,CUST0021,Male,36,West,Camera,7.0,329770.0,44487.0
2024-04-11,CUST0022,Male,42,East,Smart Watch,10.0,132310.0,24580.0
2024-11-23,CUST0023,Female,30,South,Hard Drive,1.0,7732.0,1102.0
2024-12-02,CUST0024,Male,44,East,Camera,11.0,497266.0,94063.0
2024-06-07,CUST0025,Male,18,Central,Router,1.0,3960.0,634.0
2024-08-27,CUST0026,Male,34,West,Keyboard,9.0,37926.0,7459.0
2024-02-23,CUST0027,Female,30,North,Graphics Card,9.0,351576.0,61306.0
2024-07-08,CUST0028,Male,44,East,Speaker,2.0,17754.0,1843.0
2024-07-21,CUST0029,Female,30,North,Graphics Card,11.0,444224.0,82319.0
2024-12-21,CUST0030,Male,26,West,Router,3.0,13752.0,2135.0
2024-04-16,CUST0031,Male,41,East,Router,7.0,40607.0,8711.0
2024-10-20,CUST0032,Female,29,West,Camera,8.0,366760.0,73836.0
2024-01-08,CUST0033,Male,47,Central,UPS,11.0,90134.0,19617.0
2024-10-18,CUST0034,Female,59,North,Printer,6.0,100566.0,16019.0
2024-03-25,CUST0035,Female,44,East,Graphics Card,5.0,195470.0,19828.0
2024-09-18,CUST0036,Male,21,East,Monitor,10.0,202680.0,21422.0
2024-04-27,CUST0037,Female,21,West,Projector,9.0,374346.0,50558.0
2024-02-06,CUST0038,Female,60,East,Mouse,2.0,,406.0
2024-02-11,CUST0039,Female,59,Central,Graphics Card,4.0,158704.0,26516.0
2024-01-17,CUST0040,Male,52,North,Printer,12.0,168168.0,33466.0
2024-11-08,CUST0041,Male,57,Central,Scanner,11.0,154583.0,18548.0
2024-04-06,CUST0042,Female,58,West,Keyboard,6.0,24996.0,2658.0
2024-01-07,CUST0043,Female,59,Central,Speaker,3.0,28578.0,3238.0
2024-08-15,CUST0044,Male,33,Central,Projector,7.0,295785.0,53789.0
2024-05-09,CUST0045,Male,46,East,Smart Watch,2.0,28178.0,5581.0
2024-03-08,CUST0046,Male,37,South,SSD,10.0,56860.0,9673.0
2024-08-06,CUST0047,Female,25,West,Laptop,5.0,284080.0,47361.0
2024-01-18,CUST0048,Female,39,East,Tablet,1.0,21948.0,2626.0
2024-05-27,CUST0049,Male,62,North,Router,5.0,29995.0,3815.0
2024-07-27,CUST0050,Male,29,Central,Router,7.0,39186.0,7283.0
2024-08-10,CUST0051,Male,54,North,Smartphone,4.0,117960.0,20965.0
2024-11-18,CUST0052,Male,26,South,Laptop,10.0,573650.0,59341.0
2024-11-25,CUST0053,Female,27,North,Speaker,,10105.0,1319.0
2024-10-28,CUST0054,Female,22,South,Smartphone,9.0,271089.0,57588.0
2024-03-22,CUST0055,Male,41,Central,Projector,6.0,241680.0,27998.0
2024-04-13,CUST0056,Male,45,Central,Projector,12.0,490152.0,77520.0
2024-03-26,CUST0057,Male,29,East,Keyboard,3.0,8841.0,1667.0
2024-09-25,CUST0058,Male,33,South,Scanner,11.0,173569.0,27864.0
2024-06-14,CUST0059,Male,33,East,Projector,11.0,455257.0,68525.0
2024-02-01,CUST0060,Male,20,West,Power Bank,6.0,13980.0,1715.0
2024-12-09,CUST0061,Female,29,East,SSD,4.0,37156.0,3938.0
2024-02-28,CUST0062,Male,64,East,Camera,1.0,45864.0,7505.0
2024-04-11,CUST0063,Female,51,East,Keyboard,6.0,15564.0,1822.0
2024-11-07,CUST0064,Female,32,South,Microphone,1.0,8364.0,1798.0
2024-10-02,CUST0065,Female,42,South,Tablet,7.0,144011.0,20602.0
2024-11-13,CUST0066,Male,32,East,Monitor,2.0,33176.0,3433.0
2024-02-11,CUST0067,Male,60,West,Camera,2.0,92282.0,9236.0
2024-06-16,CUST0068,Female,53,East,Hard Drive,8.0,53880.0,8998.0
2024-05-16,CUST0069,Male,20,South,Hard Drive,2.0,12238.0,2003.0
2024-05-04,CUST0070,Female,57,Central,SSD,10.0,59190.0,7843.0
2024-02-09,CUST0071,Male,56,East,Mouse,8.0,19392.0,2974.0
2024-08-06,CUST0072,Female,63,West,Router,2.0,13042.0,
2024-04-16,CUST0073,Male,36,West,SSD,9.0,58167.0,10039.0
2024-02-13,CUST0074,Female,39,Central,Tablet,10.0,242890.0,32443.0
2024-08-04,CUST0075,Male,44,South,Laptop,1.0,55806.0,6140.0
2024-12-07,CUST0076,Female,31,South,Power Bank,10.0,5000.0,511.0
2024-12-19,CUST0077,Female,29,South,Printer,1.0,15260.0,3046.0
2024-07-16,CUST0078,Female,29,West,Speaker,3.0,28170.0,4221.0
2024-05-20,CUST0079,Female,34,South,Printer,2.0,29202.0,6244.0
2024-07-19,CUST0080,Male,34,West,Printer,1.0,16566.0,2859.0
2024-09-13,CUST0081,Female,46,East,Monitor,5.0,94740.0,14980.0
2024-09-18,CUST0082,Male,30,East,Camera,11.0,,
2024-08-10,CUST0083,Male,32,Central,Monitor,9.0,156969.0,27255.0
2024-01-06,CUST0084,Female,55,North,Monitor,10.0,165010.0,23189.0
2024-02-15,CUST0085,Male,18,South,Webcam,2.0,7486.0,1159.0
2024-03-29,CUST0086,Female,63,East,Projector,5.0,196425.0,22342.0
2024-04-21,CUST0087,Male,38,North,Graphics Card,11.0,430386.0,52849.0
2024-09-02,CUST0088,Female,59,East,Speaker,7.0,55097.0,8841.0
2024-12-22,CUST0089,Male,20,East,Graphics Card,10.0,379310.0,47864.0
2024-11-05,CUST0090,Male,58,Central,Graphics Card,11.0,442673.0,56567.0
2024-09-22,CUST0091,Female,53,South,Webcam,,47400.0,10203.0
2024-08-11,CUST0092,Female,27,South,Graphics Card,5.0,182920.0,18652.0
2024-10-10,CUST0093,Female,41,South,Smartphone,2.0,61372.0,8490.0
2024-05-31,CUST0094,Male,64,Central,SSD,12.0,112944.0,
2024-01-21,CUST0095,Male,58,South,Smartphone,11.0,354409.0,50035.0
2024-07-13,CUST0096,Female,52,Central,Keyboard,11.0,15158.0,2379.0
2024-04-14,CUST0097,Female,34,North,Hard Drive,10.0,76270.0,15248.0
2024-07-18,CUST0098,Male,18,East,Hard Drive,3.0,15774.0,2072.0
2024-03-07,CUST0099,Female,35,West,SSD,10.0,64700.0,11078.0
2024-10-07,CUST0100,Male,36,North,Monitor,11.0,221452.0,48230.0
2024-03-06,CUST0101,Female,51,Central,Scanner,9.0,122166.0,14304.0
2024-09-08,CUST0102,Male,40,North,Camera,5.0,226390.0,42814.0
2024-01-20,CUST0103,Female,33,Central,Projector,8.0,329336.0,35553.0
2024-11-25,CUST0104,Female,53,South,Monitor,8.0,158576.0,30928.0
2024-01-08,CUST0105,Male,18,South,Hard Drive,12.0,86316.0,
2024-04-20,CUST0106,Female,49,North,Microphone,4.0,28536.0,4650.0
2024-10-08,CUST0107,Female,29,South,Smartphone,10.0,294010.0,34892.0
2024-11-16,CUST0108,Male,37,North,Microphone,5.0,39585.0,6850.0
2024-05-25,CUST0109,Female,49,South,Smartphone,11.0,324720.0,54666.0
2024-07-09,CUST0110,Male,39,Central,Power Bank,6.0,18942.0,3919.0
2024-05-10,CUST0111,Female,29,Central,Graphics Card,4.0,156916.0,23504.0
2024-09-02,CUST0112,Female,56,East,UPS,,18186.0,3361.0
2024-04-28,CUST0113,Male,62,East,Laptop,9.0,487836.0,93879.0
2024-04-23,CUST0114,Male,28,Central,Keyboard,11.0,50512.0,10838.0
2024-07-10,CUST0115,Female,28,East,Speaker,5.0,39090.0,5754.0
2024-11-18,CUST0116,Female,35,West,Keyboard,1.0,1637.0,271.0
2024-01-25,CUST0117,Male,62,Central,SSD,12.0,97044.0,11769.0
2024-09-13,CUST0118,Male,47,South,Scanner,7.0,103404.0,18630.0
2024-06-17,CUST0119,Female,52,East,Printer,12.0,181500.0,
2024-05-05,CUST0120,Male,42,South,Mouse,12.0,6000.0,664.0
2024-02-14,CUST0121,Male,64,North,Webcam,4.0,13588.0,1490.0
2024-09-15,CUST0122,Female,46,East,UPS,7.0,58667.0,10999.0
2024-06-12,CUST0123,Female,56,West,Laptop,,168516.0,28098.0
2024-07-10,CUST0124,Male,48,Central,Camera,12.0,569220.0,68440.0
2024-09-06,CUST0125,Female,61,Central,Monitor,8.0,146544.0,22815.0
2024-01-18,CUST0126,Female,24,West,Smart Watch,10.0,117280.0,19267.0
2024-06-09,CUST0127,Male,42,West,Microphone,4.0,19984.0,2826.0
2024-10-03,CUST0128,Male,53,West,Smartphone,12.0,,40492.0
2024-05-09,CUST0129,Male,26,South,Laptop,2.0,,18435.0
2024-04-08,CUST0130,Male,30,North,Laptop,6.0,338328.0,73451.0
2024-05-15,CUST0131,Male,29,West,Projector,10.0,393460.0,49419.0
2024-01-09,CUST0132,Female,33,East,UPS,6.0,65364.0,9413.0
2024-05-24,CUST0133,Male,31,West,Microphone,2.0,10370.0,1760.0
2024-11-26,CUST0134,Female,39,East,Hard Drive,6.0,34572.0,6392.0
2024-11-05,CUST0135,Male,34,Central,UPS,11.0,104764.0,10659.0
2024-12-19,CUST0136,Male,45,East,Tablet,6.0,125652.0,27356.0
2024-06-12,CUST0137,Female,61,East,Laptop,3.0,165078.0,23618.0
2024-10-02,CUST0138,Male,60,East,Camera,7.0,309295.0,53311.0
2024-02-27,CUST0139,Male,61,South,Tablet,2.0,46474.0,7334.0
2024-03-08,CUST0140,Male,33,North,Hard Drive,7.0,59717.0,8270.0
2024-06-23,CUST0141,Male,59,North,Graphics Card,5.0,198945.0,33316.0
2024-12-09,CUST0142,Male,28,Central,SSD,4.0,28176.0,3725.0
2024-03-15,CUST0143,Female,40,West,Laptop,11.0,591283.0,70143.0
2024-05-02,CUST0144,Female,33,East,Smartphone,3.0,89034.0,
2024-10-13,CUST0145,Male,56,North,Smartphone,4.0,118148.0,17933.0
2024-07-15,CUST0146,Male,38,West,Keyboard,,3609.0,617.0
2024-09-17,CUST0147,Male,31,West,Hard Drive,3.0,22569.0,4526.0
2024-05-24,CUST0148,Male,46,South,Microphone,5.0,31025.0,6688.0
2024-02-21,CUST0149,Female,47,South,Scanner,,15428.0,1947.0
2024-08-11,CUST0150,Male,30,East,Graphics Card,12.0,473268.0,49490.0
2024-02-08,CUST0151,Male,23,North,Laptop,2.0,107712.0,12967.0
2024-03-30,CUST0152,Female,41,East,Tablet,2.0,41154.0,7687.0
2024-09-19,CUST0153,Male,48,South,Microphone,7.0,,5142.0
2024-12-03,CUST0154,Male,62,East,Microphone,6.0,49692.0,5423.0
2024-10-09,CUST0155,Male,20,Central,Speaker,10.0,66740.0,11781.0
2024-10-10,CUST0156,Female,25,East,SSD,12.0,98028.0,12571.0
2024-04-03,CUST0157,Male,48,North,Webcam,12.0,34380.0,3948.0
2024-02-11,CUST0158,Male,55,East,Mouse,3.0,1500.0,262.0
2024-08-13,CUST0159,Male,61,Central,Projector,4.0,167648.0,27176.0
2024-03-07,CUST0160,Female,51,West,Smart Watch,8.0,104296.0,13819.0
2024-09-19,CUST0161,Female,48,South,Graphics Card,12.0,485880.0,75681.0
2024-04-30,CUST0162,Male,28,Central,Smart Watch,2.0,28198.0,3277.0
2024-07-16,CUST0163,Female,19,East,Scanner,3.0,43932.0,7480.0
2024-04-11,CUST0164,Male,22,Central,Keyboard,11.0,27269.0,5600.0
2024-06-27,CUST0165,Male,58,West,Scanner,12.0,162384.0,23277.0
2024-04-17,CUST0166,Female,61,South,Power Bank,8.0,33744.0,4056.0
2024-12-23,CUST0167,Male,64,West,Camera,5.0,222045.0,38489.0
2024-04-20,CUST0168,Female,47,South,Power Bank,3.0,6744.0,899.0
2024-07-05,CUST0169,Female,35,North,Smart Watch,5.0,67885.0,7026.0
2024-03-12,CUST0170,Female,53,North,Laptop,7.0,396095.0,45667.0
2024-04-09,CUST0171,Male,52,East,Router,9.0,62685.0,10578.0
2024-08-10,CUST0172,Female,24,Central,Monitor,1.0,,3188.0
2024-09-06,CUST0173,Female,55,Central,Speaker,11.0,94281.0,20095.0
2024-06-14,CUST0174,Female,33,East,Laptop,10.0,538430.0,83242.0
2024-12-27,CUST0175,Male,28,South,Printer,12.0,195288.0,20109.0
2024-04-21,CUST0176,Female,20,East,Speaker,10.0,73540.0,14389.0
2024-10-28,CUST0177,Male,29,South,Router,11.0,59323.0,11903.0
2024-03-16,CUST0178,Female,62,Central,Tablet,,44124.0,5387.0
2024-06-18,CUST0179,Male,23,North,Mouse,10.0,14500.0,3001.0
2024-05-06,CUST0180,Male,22,West,UPS,3.0,25350.0,5051.0
2024-10-28,CUST0181,Female,55,West,Scanner,5.0,72190.0,8944.0
2024-03-13,CUST0182,Male,65,South,Smart Watch,6.0,80994.0,9759.0
2024-06-28,CUST0183,Female,62,West,Webcam,8.0,31784.0,4141.0
2024-01-11,CUST0184,Female,51,Central,Tablet,10.0,226080.0,23857.0
2024-02-17,CUST0185,Male,61,South,Microphone,,89012.0,13459.0
2024-04-25,CUST0186,Female,19,South,Microphone,10.0,80360.0,14079.0
2024-06-09,CUST0187,Male,26,South,Tablet,4.0,90728.0,16128.0
2024-10-26,CUST0188,Female,62,North,Router,11.0,76307.0,15935.0
2024-07-25,CUST0189,Male,44,Central,Power Bank,11.0,24893.0,2584.0
2024-07-05,CUST0190,Female,30,East,Monitor,1.0,20169.0,2779.0
2024-12-12,CUST0191,Female,57,West,Printer,4.0,61740.0,8365.0
2024-09-13,CUST0192,Male,51,East,Keyboard,1.0,1302.0,258.0
2024-03-21,CUST0193,Male,48,South,Speaker,8.0,53184.0,10761.0
2024-10-19,CUST0194,Male,60,East,Speaker,11.0,88462.0,12333.0
2024-11-02,CUST0195,Female,20,South,UPS,10.0,98750.0,16870.0
2024-06-18,CUST0196,Male,63,West,Tablet,8.0,181368.0,21479.0
2024-03-20,CUST0197,Male,21,Central,Printer,8.0,124384.0,14079.0
2024-01-11,CUST0198,Male,58,South,Router,4.0,27348.0,3476.0
2024-10-17,CUST0199,Male,42,West,Camera,5.0,224610.0,35107.0
2024-04-26,CUST0200,Male,61,East,Speaker,2.0,,2755.0
2024-01-05,CUST0201,Male,45,Central,Monitor,6.0,99270.0,9927.0
2024-04-27,CUST0202,Female,64,East,SSD,9.0,,12706.0
2024-10-06,CUST0203,Male,24,North,Tablet,6.0,137196.0,25416.0
2024-02-09,CUST0204,Female,34,South,Hard Drive,7.0,36050.0,5019.0
2024-09-24,CUST0205,Male,57,West,Projector,11.0,425920.0,57231.0
2024-03-10,CUST0206,Female,32,South,Printer,5.0,,8701.0
2024-04-19,CUST0207,Female,45,North,Hard Drive,11.0,59609.0,8291.0
2024-11-03,CUST0208,Female,49,North,Power Bank,8.0,25072.0,3069.0
2024-08-17,CUST0209,Male,40,Central,Laptop,3.0,167946.0,17596.0
2024-03-31,CUST0210,Female,63,West,Scanner,4.0,64552.0,11023.0
2024-10-28,CUST0211,Female,25,North,Mouse,8.0,17392.0,2442.0
2024-02-16,CUST0212,Male,37,East,Smartphone,6.0,180678.0,23565.0
2024-04-02,CUST0213,Female,54,South,Monitor,10.0,167110.0,18125.0
2024-01-24,CUST0214,Male,21,Central,Projector,12.0,483120.0,
2024-04-08,CUST0215,Female,34,East,Laptop,6.0,321738.0,69080.0
2024-02-24,CUST0216,Female,60,South,Graphics Card,4.0,158748.0,23880.0
2024-01-25,CUST0217,Male,56,Central,SSD,1.0,5507.0,1036.0
2024-06-27,CUST0218,Male,56,South,Router,3.0,13248.0,2184.0
2024-06-06,CUST0219,Female,30,West,Microphone,10.0,61700.0,7097.0
2024-11-07,CUST0220,Female,49,Central,Router,8.0,53320.0,
2024-10-23,CUST0221,Male,41,South,Scanner,4.0,61976.0,9818.0
2024-05-30,CUST0222,Female,46,Central,Graphics Card,7.0,280378.0,50367.0
2024-06-01,CUST0223,Male,36,North,Speaker,5.0,39830.0,4953.0
2024-07-24,CUST0224,Male,46,North,Smartphone,5.0,162075.0,24534.0
2024-01-15,CUST0225,Female,32,North,Keyboard,7.0,9765.0,2132.0
2024-01-30,CUST0226,Male,20,North,Graphics Card,8.0,311120.0,51400.0
2024-12-25,CUST0227,Female,33,East,SSD,8.0,61112.0,7809.0
2024-03-29,CUST0228,Male,25,West,SSD,10.0,88760.0,13066.0
2024-09-29,CUST0229,Male,27,Central,Mouse,9.0,4500.0,804.0
2024-01-14,CUST0230,Male,36,South,Scanner,4.0,61672.0,13553.0
2024-11-21,CUST0231,Male,51,East,Hard Drive,,36516.0,4154.0
2024-07-15,CUST0232,Male,38,East,Speaker,7.0,71666.0,14721.0
2024-01-01,CUST0233,Male,39,Central,Camera,9.0,394686.0,66609.0
2024-08-09,CUST0234,Female,26,South,UPS,9.0,99837.0,11238.0
2024-06-13,CUST0235,Female,48,West,Microphone,6.0,28614.0,4231.0
2024-09-04,CUST0236,Female,30,Central,Microphone,10.0,76070.0,16085.0
2024-03-27,CUST0237,Male,49,East,Camera,2.0,94034.0,10762.0
2024-02-04,CUST0238,Female,20,North,Microphone,9.0,54756.0,6246.0
2024-12-02,CUST0239,Female,56,East,Power Bank,1.0,513.0,77.0
2024-08-19,CUST0240,Female,25,West,Router,2.0,11404.0,
2024-01-20,CUST0241,Female,18,East,Mouse,3.0,7332.0,786.0
2024-06-14,CUST0242,Female,54,North,Tablet,1.0,22115.0,2675.0
2024-05-22,CUST0243,Female,60,Central,Mouse,12.0,40608.0,5162.0
2024-12-08,CUST0244,Male,21,East,Power Bank,2.0,4824.0,
2024-10-27,CUST0245,Male,46,West,Monitor,6.0,114636.0,19789.0
2024-03-27,CUST0246,Male,43,East,Graphics Card,3.0,115107.0,12852.0
2024-03-27,CUST0247,Female,38,North,Tablet,8.0,176832.0,21707.0
2024-10-09,CUST0248,Male,21,Central,Speaker,4.0,35340.0,6483.0
2024-07-10,CUST0249,Male,20,South,Printer,9.0,144423.0,19889.0
2024-12-20,CUST0250,Male,24,South,Speaker,5.0,36050.0,6915.0
2024-09-15,CUST0251,Male,35,West,Router,12.0,55440.0,11845.0
2024-01-14,CUST0252,Female,63,East,Laptop,3.0,167364.0,19838.0
2024-04-06,CUST0253,Female,43,West,Router,9.0,56457.0,11852.0
2024-12-17,CUST0254,Female,51,Central,Printer,3.0,44100.0,6709.0
2024-04-26,CUST0255,Male,24,East,Printer,4.0,,8853.0
2024-01-10,CUST0256,Female,50,West,Projector,10.0,401120.0,69225.0
2024-01-18,CUST0257,Male,25,South,Scanner,,141714.0,19395.0
2024-04-07,CUST0258,Male,34,West,Scanner,6.0,75192.0,10379.0
2024-12-29,CUST0259,Male,45,North,Microphone,4.0,18900.0,3642.0
2024-08-01,CUST0260,Female,41,Central,Mouse,8.0,8944.0,1156.0
2024-09-07,CUST0261,Male,19,East,Projector,12.0,469416.0,98160.0
2024-10-08,CUST0262,Female,59,North,Camera,2.0,91788.0,11835.0
2024-09-28,CUST0263,Male,47,South,Projector,7.0,276556.0,52246.0
2024-04-15,CUST0264,Female,22,West,Microphone,3.0,14853.0,1893.0
2024-06-14,CUST0265,Male,28,East,Power Bank,6.0,10554.0,1631.0
2024-05-07,CUST0266,Male,64,West,Laptop,12.0,663960.0,102004.0
2024-02-03,CUST0267,Male,26,North,Microphone,,42476.0,4813.0
2024-02-09,CUST0268,Female,21,East,Smart Watch,3.0,35475.0,6535.0
2024-11-03,CUST0269,Male,35,West,Monitor,9.0,157437.0,20275.0
2024-06-03,CUST0270,Female,54,South,Webcam,3.0,11199.0,1998.0
2024-10-21,CUST0271,Male,46,West,Speaker,2.0,13436.0,2648.0
2024-06-03,CUST0272,Female,42,North,Power Bank,11.0,17534.0,1788.0
2024-08-03,CUST0273,Female,31,East,Hard Drive,12.0,62076.0,11875.0
2024-07-19,CUST0274,Female,57,West,SSD,1.0,6261.0,1229.0
2024-12-17,CUST0275,Male,38,West,Monitor,4.0,72780.0,12799.0
2024-01-19,CUST0276,Female,48,South,Microphone,3.0,20115.0,4285.0
2024-02-26,CUST0277,Female,33,West,Monitor,1.0,20269.0,3637.0
2024-05-17,CUST0278,Male,34,South,Speaker,2.0,15880.0,2091.0
2024-10-04,CUST0279,Female,31,West,Smart Watch,5.0,61810.0,7051.0
2024-03-24,CUST0280,Male,40,West,Laptop,,169086.0,31944.0
2024-11-24,CUST0281,Male,55,East,Printer,4.0,54880.0,8655.0
2024-03-27,CUST0282,Female,38,Central,Graphics Card,2.0,73430.0,8194.0
2024-10-21,CUST0283,Male,34,West,Mouse,5.0,,1520.0
2024-02-12,CUST0284,Male,51,South,Laptop,4.0,227188.0,36402.0
2024-10-01,CUST0285,Male,44,North,Hard Drive,12.0,62196.0,11216.0
2024-02-18,CUST0286,Female,23,East,Printer,6.0,100260.0,14684.0
2024-06-26,CUST0287,Female,33,South,Smartphone,8.0,231392.0,45855.0
2024-03-31,CUST0288,Female,51,South,Mouse,3.0,5805.0,1199.0
2024-10-17,CUST0289,Male,59,North,UPS,10.0,94300.0,15157.0
2024-08-09,CUST0290,Male,40,West,Hard Drive,9.0,52542.0,10874.0
2024-04-01,CUST0291,Female,23,East,Mouse,2.0,1000.0,161.0
2024-10-31,CUST0292,Female,59,Central,Scanner,6.0,91242.0,15003.0
2024-04-30,CUST0293,Male,55,East,Laptop,3.0,163221.0,17374.0
2024-05-27,CUST0294,Male,43,West,Graphics Card,11.0,428626.0,71151.0
2024-10-06,CUST0295,Female,44,West,Scanner,6.0,82008.0,13069.0
2024-11-08,CUST0296,Male,32,East,SSD,11.0,98846.0,12912.0
2024-08-28,CUST0297,Female,18,South,Webcam,1.0,4007.0,531.0
2024-07-06,CUST0298,Female,50,East,Projector,7.0,285376.0,36516.0
2024-03-11,CUST0299,Female,63,East,Router,7.0,51912.0,11273.0
2024-11-14,CUST0300,Female,53,West,Mouse,3.0,10854.0,2163.0
2024-08-15,CUST0301,Male,29,Central,Scanner,12.0,157668.0,24294.0
2024-12-28,CUST0302,Female,59,Central,Speaker,2.0,17940.0,1925.0
2024-03-30,CUST0303,Female,25,Central,Microphone,,61659.0,10814.0
2024-06-27,CUST0304,Male,38,East,Camera,2.0,91856.0,15284.0
2024-07-29,CUST0305,Male,63,South,Projector,1.0,42341.0,7545.0
2024-10-19,CUST0306,Female,38,West,Projector,10.0,420610.0,86744.0
2024-05-26,CUST0307,Female,43,East,Scanner,3.0,45018.0,5174.0
2024-04-11,CUST0308,Male,35,East,Monitor,1.0,18240.0,2548.0
2024-09-12,CUST0309,Female,29,North,Laptop,5.0,271130.0,44254.0
2024-12-15,CUST0310,Female,23,South,Keyboard,9.0,15705.0,1784.0
2024-12-27,CUST0311,Female,51,East,Tablet,8.0,166520.0,19615.0
2024-08-05,CUST0312,Female,45,East,Scanner,9.0,141561.0,28127.0
2024-11-05,CUST0313,Male,32,Central,Mouse,2.0,1000.0,155.0
2024-05-29,CUST0314,Female,59,South,Projector,6.0,238320.0,48362.0
2024-05-07,CUST0315,Female,20,East,Projector,9.0,364293.0,56858.0
2024-04-15,CUST0316,Male,42,North,Printer,7.0,116144.0,13080.0
2024-10-13,CUST0317,Female,58,North,Microphone,7.0,51226.0,
2024-10-31,CUST0318,Male,25,Central,Mouse,8.0,4000.0,780.0
2024-06-16,CUST0319,Female,64,Central,Mouse,3.0,2346.0,500.0
2024-11-30,CUST0320,Female,27,West,Smartphone,8.0,246272.0,32526.0
2024-02-14,CUST0321,Female,54,West,Monitor,10.0,172350.0,35134.0
2024-05-30,CUST0322,Male,33,West,UPS,11.0,106590.0,20738.0
2024-01-24,CUST0323,Male,57,West,Scanner,9.0,146718.0,19837.0
2024-01-25,CUST0324,Male,53,South,UPS,12.0,99720.0,19093.0
2024-08-16,CUST0325,Male,44,Central,Laptop,1.0,56890.0,6396.0
2024-10-03,CUST0326,Female,56,Central,Tablet,2.0,41716.0,4698.0
2024-10-07,CUST0327,Female,39,West,Camera,5.0,235665.0,37356.0
2024-01-27,CUST0328,Female,20,North,Camera,11.0,506099.0,75947.0
2024-11-16,CUST0329,Male,63,West,Graphics Card,5.0,196545.0,29243.0
2024-02-06,CUST0330,Male,52,Central,Power Bank,9.0,,2883.0
2024-08-31,CUST0331,Female,40,East,Projector,12.0,482556.0,79043.0
2024-02-08,CUST0332,Male,23,East,Printer,11.0,154627.0,29528.0
2024-12-07,CUST0333,Female,40,Central,Smart Watch,10.0,120460.0,21208.0
2024-04-05,CUST0334,Male,43,East,Smart Watch,4.0,49380.0,8893.0
2024-01-29,CUST0335,Male,19,West,Tablet,12.0,277080.0,32385.0
2024-11-30,CUST0336,Male,60,South,Graphics Card,2.0,75386.0,11136.0
2024-04-06,CUST0337,Female,56,East,Printer,12.0,165360.0,30437.0
2024-06-01,CUST0338,Female,61,East,Hard Drive,,21932.0,3539.0
2024-10-11,CUST0339,Male,63,West,Keyboard,7.0,,1944.0
2024-01-21,CUST0340,Male,44,North,Smartphone,12.0,377076.0,70209.0
2024-11-30,CUST0341,Male,32,North,SSD,5.0,,6393.0
2024-10-16,CUST0342,Male,24,South,Microphone,5.0,24385.0,3713.0
2024-07-06,CUST0343,Male,22,North,Power Bank,,4500.0,687.0
2024-04-28,CUST0344,Female,29,East,Power Bank,1.0,1942.0,347.0
2024-03-10,CUST0345,Female,58,Central,Laptop,2.0,113398.0,11433.0
2024-12-09,CUST0346,Female,33,East,Tablet,8.0,193768.0,30300.0
2024-12-15,CUST0347,Male,48,North,Mouse,11.0,37422.0,5777.0
2024-02-04,CUST0348,Female,54,South,Smartphone,5.0,159390.0,19276.0
2024-10-13,CUST0349,Male,58,East,Camera,9.0,406062.0,
2024-12-21,CUST0350,Male,33,West,Mouse,5.0,2500.0,446.0
2024-11-05,CUST0351,Male,19,North,Graphics Card,11.0,438185.0,66938.0
2024-05-23,CUST0352,Male,36,Central,Keyboard,5.0,,2868.0
2024-08-19,CUST0353,Female,55,South,Monitor,1.0,17216.0,3033.0
2024-05-15,CUST0354,Female,29,North,Mouse,8.0,5328.0,726.0
2024-03-08,CUST0355,Female,22,West,Webcam,9.0,29988.0,5473.0
2024-08-30,CUST0356,Female,46,West,UPS,10.0,82700.0,9104.0
2024-11-19,CUST0357,Male,32,South,Mouse,1.0,2403.0,479.0
2024-10-02,CUST0358,Male,45,West,Hard Drive,9.0,66798.0,8104.0
2024-02-28,CUST0359,Male,35,Central,Mouse,1.0,3628.0,
2024-02-25,CUST0360,Female,18,Central,Tablet,3.0,69336.0,14685.0
2024-08-01,CUST0361,Male,50,East,Scanner,12.0,166392.0,18632.0
2024-11-25,CUST0362,Male,40,Central,Tablet,10.0,241310.0,43619.0
2024-07-24,CUST0363,Female,36,North,Microphone,6.0,47760.0,8882.0
2024-10-18,CUST0364,Male,64,Central,Laptop,11.0,630817.0,102944.0
2024-10-05,CUST0365,Female,18,North,Hard Drive,2.0,10342.0,
2024-08-02,CUST0366,Female,37,West,Smart Watch,7.0,78078.0,16634.0
2024-06-14,CUST0367,Male,33,North,Laptop,1.0,57246.0,8506.0
2024-05-15,CUST0368,Female,30,South,SSD,3.0,17958.0,
2024-09-18,CUST0369,Male,30,Central,Graphics Card,7.0,260393.0,40942.0
2024-09-26,CUST0370,Female,48,East,Smart Watch,6.0,86046.0,14424.0
2024-01-23,CUST0371,Female,43,North,Laptop,12.0,665532.0,141361.0
2024-06-02,CUST0372,Male,61,West,Graphics Card,1.0,36678.0,6806.0
2024-03-21,CUST0373,Female,32,South,Smartphone,9.0,277677.0,54841.0
2024-11-19,CUST0374,Female,52,East,Hard Drive,4.0,33840.0,4763.0
2024-08-16,CUST0375,Female,36,North,Speaker,6.0,45078.0,7108.0
2024-05-22,CUST0376,Male,22,West,UPS,7.0,63287.0,11594.0
2024-08-09,CUST0377,Female,38,East,Power Bank,6.0,3000.0,567.0
2024-03-03,CUST0378,Female,32,East,Speaker,12.0,92892.0,15787.0
2024-07-28,CUST0379,Male,55,West,Laptop,2.0,114080.0,
2024-09-07,CUST0380,Female,26,Central,UPS,7.0,63301.0,9825.0
2024-03-05,CUST0381,Male,57,West,UPS,4.0,32528.0,5997.0
2024-09-29,CUST0382,Male,59,Central,Keyboard,10.0,30800.0,3493.0
2024-01-07,CUST0383,Female,54,North,Power Bank,5.0,15110.0,2069.0
2024-08-04,CUST0384,Male,62,West,Laptop,11.0,602888.0,101365.0
2024-02-07,CUST0385,Female,23,Central,Mouse,10.0,6840.0,956.0
2024-05-18,CUST0386,Male,56,West,Printer,11.0,167783.0,34224.0
2024-03-23,CUST0387,Male,29,East,Camera,2.0,92854.0,10425.0
2024-10-07,CUST0388,Female,54,South,Webcam,12.0,60840.0,9008.0
2024-11-02,CUST0389,Male,51,Central,Webcam,10.0,51660.0,9760.0
2024-08-24,CUST0390,Female,55,North,Smart Watch,9.0,112716.0,14477.0
2024-07-14,CUST0391,Female,65,North,Microphone,8.0,37672.0,8271.0
2024-12-08,CUST0392,Male,53,East,Graphics Card,3.0,114942.0,19544.0
2024-03-02,CUST0393,Female,31,South,UPS,12.0,134268.0,23377.0
2024-07-19,CUST0394,Male,39,Central,Keyboard,2.0,2884.0,369.0
2024-09-19,CUST0395,Male,22,Central,Power Bank,3.0,4758.0,966.0
2024-03-10,CUST0396,Female,58,South,Monitor,9.0,176751.0,23915.0
2024-07-15,CUST0397,Female,49,North,Scanner,5.0,76310.0,16257.0
2024-01-10,CUST0398,Male,46,East,Camera,1.0,47349.0,7630.0
2024-03-15,CUST0399,Male,35,East,Speaker,1.0,8589.0,1340.0
2024-01-20,CUST0400,Male,42,South,Microphone,6.0,27516.0,4515.0
2024-04-06,CUST0401,Female,64,East,Power Bank,1.0,4254.0,526.0
2024-11-14,CUST0402,Female,26,North,Tablet,5.0,120175.0,16617.0
2024-10-28,CUST0403,Male,62,Central,Scanner,9.0,125118.0,24753.0
2024-10-27,CUST0404,Male,56,East,UPS,,59955.0,6757.0
2024-07-19,CUST0405,Female,63,East,Keyboard,10.0,39330.0,5709.0
2024-07-06,CUST0406,Male,59,Central,Graphics Card,11.0,433972.0,54737.0
2024-03-21,CUST0407,Female,64,Central,Hard Drive,10.0,53580.0,5649.0
2024-09-22,CUST0408,Female,20,West,Power Bank,1.0,1584.0,191.0
2024-09-26,CUST0409,Female,44,West,Microphone,1.0,,961.0
2024-11-05,CUST0410,Female,25,North,Hard Drive,6.0,40230.0,8300.0
2024-12-29,CUST0411,Female,27,East,Smartphone,1.0,31776.0,6759.0
2024-04-25,CUST0412,Male,63,South,Power Bank,6.0,18684.0,1977.0
2024-08-14,CUST0413,Female,46,East,Smartphone,10.0,324700.0,52019.0
2024-04-22,CUST0414,Female,40,West,Mouse,5.0,15505.0,2619.0
2024-12-02,CUST0415,Female,24,South,Graphics Card,11.0,419683.0,53407.0
2024-09-02,CUST0416,Female,31,East,Microphone,7.0,59430.0,8424.0
2024-01-19,CUST0417,Male,31,West,Projector,12.0,488292.0,72843.0
2024-12-24,CUST0418,Female,42,Central,Smartphone,2.0,58640.0,10339.0
2024-07-21,CUST0419,Female,49,North,Webcam,8.0,42728.0,6002.0
2024-09-26,CUST0420,Female,19,South,Smartphone,8.0,252384.0,51829.0
2024-01-29,CUST0421,Female,54,South,SSD,10.0,57070.0,11071.0
2024-06-01,CUST0422,Female,27,North,Mouse,7.0,9212.0,1158.0
2024-10-30,CUST0423,Female,64,East,Projector,2.0,77950.0,9073.0
2024-11-16,CUST0424,Female,60,Central,Scanner,2.0,27198.0,4845.0
2024-07-19,CUST0425,Male,60,East,Printer,2.0,27522.0,5231.0
2024-08-21,CUST0426,Male,48,Central,Scanner,4.0,53916.0,6198.0
2024-10-27,CUST0427,Male,34,East,Tablet,2.0,45676.0,4885.0
2024-07-28,CUST0428,Male,38,East,Tablet,9.0,208224.0,35289.0
2024-06-26,CUST0429,Female,58,West,Smartphone,6.0,171978.0,34221.0
2024-05-19,CUST0430,Male,57,Central,Speaker,10.0,97140.0,12752.0
2024-11-07,CUST0431,Male,24,West,Graphics Card,7.0,263536.0,37410.0
2024-07-04,CUST0432,Male,61,Central,Keyboard,12.0,19800.0,3045.0
2024-12-30,CUST0433,Male,34,West,Graphics Card,2.0,74222.0,11994.0
2024-02-01,CUST0434,Female,41,Central,Webcam,11.0,47971.0,9135.0
2024-04-12,CUST0435,Female,29,West,Scanner,12.0,174120.0,32454.0
2024-05-17,CUST0436,Female,30,West,Smart Watch,3.0,33285.0,5299.0
2024-04-29,CUST0437,Male,55,Central,Scanner,2.0,26764.0,3955.0
2024-07-05,CUST0438,Male,28,North,Hard Drive,7.0,39200.0,8433.0
2024-11-12,CUST0439,Female,36,South,Monitor,6.0,122778.0,23107.0
2024-04-18,CUST0440,Female,64,Central,Microphone,9.0,50571.0,10312.0
2024-07-17,CUST0441,Male,30,North,Router,8.0,36672.0,4076.0
2024-08-16,CUST0442,Female,37,East,Smartphone,,184452.0,25661.0
2024-11-13,CUST0443,Male,34,East,Printer,6.0,83538.0,10517.0
2024-09-22,CUST0444,Male,34,East,Power Bank,6.0,23694.0,3978.0
2024-11-16,CUST0445,Female,63,South,SSD,6.0,47292.0,
2024-05-12,CUST0446,Female,34,North,SSD,10.0,72340.0,9687.0
2024-04-21,CUST0447,Female,54,West,Microphone,4.0,25012.0,2604.0
2024-04-08,CUST0448,Male,55,South,Webcam,5.0,,1958.0
2024-11-12,CUST0449,Male,51,West,UPS,1.0,9605.0,1457.0
2024-12-14,CUST0450,Female,27,South,Monitor,6.0,100686.0,21834.0
2024-02-27,CUST0451,Male,48,North,UPS,3.0,31473.0,3223.0
2024-08-12,CUST0452,Female,44,East,Smartphone,6.0,182076.0,29587.0
2024-12-24,CUST0453,Female,25,West,Mouse,11.0,38764.0,8167.0
2024-10-29,CUST0454,Female,65,Central,Laptop,12.0,647520.0,94776.0
2024-01-15,CUST0455,Male,42,East,Microphone,10.0,61580.0,7540.0
2024-04-26,CUST0456,Male,65,West,Mouse,1.0,737.0,105.0
2024-09-27,CUST0457,Female,37,North,Graphics Card,,,83261.0
2024-03-27,CUST0458,Female,60,East,Mouse,4.0,11808.0,1897.0
2024-03-28,CUST0459,Male,65,North,Camera,,134718.0,26772.0
2024-05-16,CUST0460,Female,62,East,Smart Watch,9.0,114597.0,24718.0
2024-09-28,CUST0461,Male,43,West,Smartphone,9.0,289494.0,31575.0
2024-04-24,CUST0462,Male,52,South,Tablet,1.0,21355.0,4011.0
2024-05-10,CUST0463,Female,41,East,UPS,5.0,56030.0,10886.0
2024-04-16,CUST0464,Male,38,South,Keyboard,7.0,27293.0,3975.0
2024-06-19,CUST0465,Female,21,Central,Smartphone,11.0,326194.0,
2024-07-04,CUST0466,Female,64,West,Scanner,12.0,162024.0,33842.0
2024-03-24,CUST0467,Female,24,Central,Speaker,5.0,37025.0,7618.0
2024-12-04,CUST0468,Male,61,West,Microphone,8.0,52232.0,8236.0
2024-10-29,CUST0469,Female,28,North,Graphics Card,12.0,445200.0,73837.0
2024-04-04,CUST0470,Female,34,East,Laptop,4.0,,39080.0
2024-06-28,CUST0471,Female,60,South,Smart Watch,2.0,24812.0,4202.0
2024-03-11,CUST0472,Female,64,South,Laptop,3.0,167094.0,34001.0
2024-01-06,CUST0473,Female,61,South,Power Bank,3.0,4989.0,663.0
2024-12-28,CUST0474,Female,53,East,Smart Watch,3.0,39213.0,6350.0
2024-02-18,CUST0475,Female,18,North,Speaker,9.0,92088.0,19474.0
2024-06-02,CUST0476,Female,58,South,Webcam,12.0,39792.0,4103.0
2024-02-22,CUST0477,Female,28,West,Keyboard,4.0,14520.0,2486.0
2024-04-08,CUST0478,Female,49,North,Speaker,7.0,71288.0,9325.0
2024-06-02,CUST0479,Male,57,North,Tablet,,134022.0,
2024-03-02,CUST0480,Male,23,West,Router,1.0,4498.0,569.0
2024-07-05,CUST0481,Male,30,West,Printer,2.0,27480.0,4412.0
2024-05-05,CUST0482,Female,53,Central,Hard Drive,2.0,12966.0,1624.0
2024-11-19,CUST0483,Male,18,South,SSD,7.0,60725.0,9525.0
2024-07-24,CUST0484,Female,51,Central,Keyboard,3.0,3987.0,573.0
2024-01-23,CUST0485,Female,30,West,Graphics Card,4.0,160164.0,29420.0
2024-12-26,CUST0486,Male,34,West,Router,11.0,,6162.0
2024-02-24,CUST0487,Female,43,Central,Smartphone,11.0,333509.0,40794.0
2024-01-10,CUST0488,Female,41,West,Graphics Card,1.0,39939.0,6548.0
2024-06-08,CUST0489,Female,60,West,Tablet,2.0,45834.0,8423.0
2024-12-19,CUST0490,Male,28,West,UPS,4.0,45612.0,9815.0
2024-03-11,CUST0491,Male,21,Central,Monitor,11.0,209165.0,39850.0
2024-01-04,CUST0492,Female,33,North,Projector,11.0,441133.0,83704.0
2024-05-28,CUST0493,Male,33,South,Hard Drive,5.0,38285.0,7766.0
2024-05-27,CUST0494,Female,41,Central,Router,12.0,83100.0,17802.0
2024-03-20,CUST0495,Female,35,South,Microphone,3.0,20070.0,3205.0
2024-05-04,CUST0496,Female,53,East,Power Bank,1.0,2066.0,287.0
2024-03-05,CUST0497,Male,18,North,Router,4.0,18512.0,2824.0
2024-03-25,CUST0498,Male,42,North,Monitor,8.0,162744.0,30460.0
2024-03-17,CUST0499,Male,61,East,Mouse,12.0,6000.0,716.0
2024-12-25,CUST0500,Female,51,South,Mouse,9.0,20754.0,3236.0
